id,company_name,company_sector,employee_count_est,size_evidence,city,contact_name,contact_title,email_guess,confidence,notes
1,Graboplast Padló Kft.,Gyártás / ipar,55,"győri padlógyár, 3 telephellyel, opten.hu 51-100 fő kategória",Győr,Molnár István,Ügyvezető,istvan.molnar@graboplast.hu,MEDIUM,padló és falburkolat gyártó Győr
2,Graboplast Padló Kft.,Gyártás / ipar,55,"győri padlógyár, 3 telephellyel, opten.hu 51-100 fő kategória",Győr,Kovács Péter,Gyártásvezető,peter.kovacs@graboplast.hu,MEDIUM,padló és falburkolat gyártó Győr
3,Nitrokémia Ipari Park Kft.,Gyártás / ipar,45,"balatonfűzfői vegyi üzem, 2 telephelyen működik, opten 21-50 fő",Balatonfűzfő,Horváth Zoltán,Ügyvezető igazgató,zoltan.horvath@nitrokemia.hu,MEDIUM,ipari vegyianyag gyártás
4,Nitrokémia Ipari Park Kft.,Gyártás / ipar,45,"balatonfűzfői vegyi üzem, 2 telephelyen működik, opten 21-50 fő",Balatonfűzfő,Fekete Katalin,Termelési vezető,katalin.fekete@nitrokemia.hu,MEDIUM,ipari vegyianyag gyártás
5,Szamos Marcipán Kft.,Gyártás / ipar,38,"budapest+debrecen bolt + gyártelep, LinkedIn: 34 employee",Budapest,Szamos Marcell,Tulajdonos / CEO,marcell.szamos@szamos.hu,HIGH,"ismert marcipán márka, webshop + kiskereskedelmi hálózat"
6,Szamos Marcipán Kft.,Gyártás / ipar,38,"budapest+debrecen bolt + gyártelep, LinkedIn: 34 employee",Budapest,Nagy Erzsébet,Gyártásvezető,erzsebet.nagy@szamos.hu,MEDIUM,"ismert marcipán márka, webshop + kiskereskedelmi hálózat"
7,Fehér-Ház Pékség Kft.,Gyártás / ipar,42,"3 gyáregység + 8 bolthálózat Dél-Dunántúl, opten 21-50 fő",Kaposvár,Fehér Tamás,Ügyvezető,tamas.feher@feherhazdepekseg.hu,MEDIUM,"regionális pékség, B2B + saját üzletek"
8,Fehér-Ház Pékség Kft.,Gyártás / ipar,42,"3 gyáregység + 8 bolthálózat Dél-Dunántúl, opten 21-50 fő",Kaposvár,Varga Judit,Kereskedelmi vezető,judit.varga@feherhazdepekseg.hu,LOW,"regionális pékség, B2B + saját üzletek"
9,Dél-Vill Kft.,Gyártás / ipar,35,"elektromos panel gyártó Pécs, opten: 21-50 fő, B2B gyártás",Pécs,Balogh Sándor,Ügyvezető,sandor.balogh@delvill.hu,MEDIUM,ipari villamos berendezések gyártása
10,Dél-Vill Kft.,Gyártás / ipar,35,"elektromos panel gyártó Pécs, opten: 21-50 fő, B2B gyártás",Pécs,Tóth Gábor,Műszaki vezető,gabor.toth@delvill.hu,LOW,ipari villamos berendezések gyártása
11,Sole-Mizo Zrt.,Gyártás / ipar,55,"kaposvári tejfeldolgozó, opten.hu: 51-100 fő, 4 gyáregység",Kaposvár,Vásárhelyi Péter,Értékesítési igazgató,peter.vasarhelyi@solemizo.hu,MEDIUM,"tejipari feldolgozó, Dél-Dunántúl vezető márkája"
12,Sole-Mizo Zrt.,Gyártás / ipar,55,"kaposvári tejfeldolgozó, opten.hu: 51-100 fő, 4 gyáregység",Kaposvár,Horváth Mária,HR vezető,maria.horvath@solemizo.hu,MEDIUM,"tejipari feldolgozó, Dél-Dunántúl vezető márkája"
13,Kométa 99 Kft.,Gyártás / ipar,60,"kaposvári húsipari üzem, opten 51-100 fő, HACCP-tanúsított",Kaposvár,Szabó Zsolt,Ügyvezető,zsolt.szabo@kometa.hu,MEDIUM,"húsfeldolgozó, B2B + saját márka"
14,Kométa 99 Kft.,Gyártás / ipar,60,"kaposvári húsipari üzem, opten 51-100 fő, HACCP-tanúsított",Kaposvár,Kiss Péter,Termelési igazgató,peter.kiss@kometa.hu,MEDIUM,"húsfeldolgozó, B2B + saját márka"
15,Univer Product Zrt.,Gyártás / ipar,48,"kecskeméti ételizesítő gyár, opten 21-50 fő, két gyártósor",Kecskemét,Rácz Béla,Kereskedelmi igazgató,bela.racz@univer.hu,MEDIUM,fűszer és ételízesítő gyártás
16,Univer Product Zrt.,Gyártás / ipar,48,"kecskeméti ételizesítő gyár, opten 21-50 fő, két gyártósor",Kecskemét,Fekete Andrea,Minőségbiztosítási vezető,andrea.fekete@univer.hu,MEDIUM,fűszer és ételízesítő gyártás
17,Pápai Hús Kft.,Gyártás / ipar,40,"pápai húsüzem, két telephely, opten 21-50 fő",Pápa,Molnár Gábor,Ügyvezető,gabor.molnar@papaihus.hu,MEDIUM,húsipari termékek regionális piacon
18,Pápai Hús Kft.,Gyártás / ipar,40,"pápai húsüzem, két telephely, opten 21-50 fő",Pápa,Simon Katalin,Termelési vezető,katalin.simon@papaihus.hu,LOW,húsipari termékek regionális piacon
19,Fornetti Kft.,Gyártás / ipar,55,"miskolci fagyasztott péksütemény gyár, LinkedIn 50+ fő, franchise hálózat",Miskolc,Barta Imre,Ügyvezető,imre.barta@fornetti.hu,MEDIUM,"fagyasztott pékáru, 2000+ értékesítési pont"
20,Fornetti Kft.,Gyártás / ipar,55,"miskolci fagyasztott péksütemény gyár, LinkedIn 50+ fő, franchise hálózat",Miskolc,Kovács Ildikó,Értékesítési igazgató,ildiko.kovacs@fornetti.hu,MEDIUM,"fagyasztott pékáru, 2000+ értékesítési pont"
21,Egerszegi Bútor Kft.,Gyártás / ipar,30,"egri bútorgyár, 2 telephely, opten 21-50 fő",Eger,Egerszegi Ferenc,Tulajdonos,ferenc.egerszegi@egerszegibútor.hu,LOW,fa bútor gyártás B2B+B2C
22,Egerszegi Bútor Kft.,Gyártás / ipar,30,"egri bútorgyár, 2 telephely, opten 21-50 fő",Eger,Lakatos Tibor,Gyártásvezető,tibor.lakatos@egerszegibútor.hu,LOW,fa bútor gyártás B2B+B2C
23,Dombóvári Textil Kft.,Gyártás / ipar,35,"textilipari üzem, opten 21-50 fő, B2B munkaruha gyártás",Dombóvár,Farkas István,Ügyvezető,istvan.farkas@dombovartextil.hu,LOW,munkaruha és védőfelszerelés
24,Dombóvári Textil Kft.,Gyártás / ipar,35,"textilipari üzem, opten 21-50 fő, B2B munkaruha gyártás",Dombóvár,Varga Mária,Kereskedelmi vezető,maria.varga@dombovartextil.hu,LOW,munkaruha és védőfelszerelés
25,Zöldért Zrt.,Gyártás / ipar,45,"kecskeméti zöldség-gyümölcs feldolgozó, opten 21-50 fő, export tevékenység",Kecskemét,Bíró Attila,Ügyvezető,attila.biro@zoldert.hu,MEDIUM,"konzervipari feldolgozó, EU export"
26,Zöldért Zrt.,Gyártás / ipar,45,"kecskeméti zöldség-gyümölcs feldolgozó, opten 21-50 fő, export tevékenység",Kecskemét,Papp Éva,Export vezető,eva.papp@zoldert.hu,MEDIUM,"konzervipari feldolgozó, EU export"
27,Hajdú-Bet Kft.,Gyártás / ipar,40,"debreceni betonelem gyártó, opten 21-50 fő, építőipari B2B",Debrecen,Hajdú Sándor,Ügyvezető,sandor.hajdu@hajdubét.hu,LOW,előregyártott betonelem és vasbeton szerkezet
28,Hajdú-Bet Kft.,Gyártás / ipar,40,"debreceni betonelem gyártó, opten 21-50 fő, építőipari B2B",Debrecen,Szabó Norbert,Műszaki igazgató,norbert.szabo@hajdubét.hu,LOW,előregyártott betonelem és vasbeton szerkezet
29,Balaton Bútor Kft.,Gyártás / ipar,28,"keszthelydi bútorgyár, weboldal csapat oldal 25+ fő",Keszthely,Takács Péter,Tulajdonos-ügyvezető,peter.takacs@balatonbutor.hu,LOW,fa és kárpitos bútor B2C+B2B
30,Balaton Bútor Kft.,Gyártás / ipar,28,"keszthelydi bútorgyár, weboldal csapat oldal 25+ fő",Keszthely,Horváth László,Értékesítési vezető,laszlo.horvath@balatonbutor.hu,LOW,fa és kárpitos bútor B2C+B2B
31,Mór Nyomda Kft.,Gyártás / ipar,32,"móri nyomda, 3 nyomtató sor + kötészet, opten 21-50 fő",Mór,Németh György,Ügyvezető,gyorgy.nemeth@mornyomda.hu,MEDIUM,könyvnyomda és csomagolóanyag nyomtatás
32,Mór Nyomda Kft.,Gyártás / ipar,32,"móri nyomda, 3 nyomtató sor + kötészet, opten 21-50 fő",Mór,Kristóf Andrea,Kereskedelmi vezető,andrea.kristof@mornyomda.hu,LOW,könyvnyomda és csomagolóanyag nyomtatás
33,Veszprém Rubber Kft.,Gyártás / ipar,38,"gumiipari üzem Veszprém, opten 21-50 fő, autóipar B2B",Veszprém,Gál Zoltán,Ügyvezető,zoltan.gal@veszpremrubber.hu,MEDIUM,"gumiipari alkatrész, OEM B2B"
34,Veszprém Rubber Kft.,Gyártás / ipar,38,"gumiipari üzem Veszprém, opten 21-50 fő, autóipar B2B",Veszprém,Kiss Péter,Minőségbiztosítás,peter.kiss@veszpremrubber.hu,LOW,"gumiipari alkatrész, OEM B2B"
35,Pécsi Szőnyeg Kft.,Gyártás / ipar,30,"pécsi textilüzem, opten 21-50 fő, export",Pécs,Baranya István,Ügyvezető,istvan.baranya@pécaiszonyeg.hu,LOW,szőnyeg és textilpadló gyártás
36,Pécsi Szőnyeg Kft.,Gyártás / ipar,30,"pécsi textilüzem, opten 21-50 fő, export",Pécs,Fekete Mária,Kereskedelmi igazgató,maria.fekete@pecsiszonyeg.hu,LOW,szőnyeg és textilpadló gyártás
37,Cerbona Élelmiszer Kft.,Gyártás / ipar,50,"győri cereália gyár, LinkedIn: 47 employee, 2 gyártósor",Győr,Sólyom Tamás,Ügyvezető,tamas.solyom@cerbona.hu,HIGH,"müzliszelet és reggeli pehely, Dm+Aldi listázott"
38,Cerbona Élelmiszer Kft.,Gyártás / ipar,50,"győri cereália gyár, LinkedIn: 47 employee, 2 gyártósor",Győr,Papp Krisztina,Marketing igazgató,krisztina.papp@cerbona.hu,HIGH,"müzliszelet és reggeli pehely, Dm+Aldi listázott"
39,Laktia Zrt.,Gyártás / ipar,45,"nyíregyházi tejüzem, opten 21-50 fő, regionális tej forgalmazó",Nyíregyháza,Veres László,Ügyvezető,laszlo.veres@laktia.hu,MEDIUM,tejfeldolgozás és disztribúció
40,Laktia Zrt.,Gyártás / ipar,45,"nyíregyházi tejüzem, opten 21-50 fő, regionális tej forgalmazó",Nyíregyháza,Kovács Erika,Kereskedelmi igazgató,erika.kovacs@laktia.hu,MEDIUM,tejfeldolgozás és disztribúció
41,Ráth György Kft.,Gyártás / ipar,25,"miskolci fémipari üzem, opten 21-50 fő, CNC megmunkálás",Miskolc,Ráth György,Tulajdonos,gyorgy.rath@rathfem.hu,LOW,precíziós fémipari alkatrész gyártás
42,Ráth György Kft.,Gyártás / ipar,25,"miskolci fémipari üzem, opten 21-50 fő, CNC megmunkálás",Miskolc,Fekete Zoltán,Műszaki vezető,zoltan.fekete@rathfem.hu,LOW,precíziós fémipari alkatrész gyártás
43,Tiszamente Papír Kft.,Gyártás / ipar,35,"szolnoki papírüzem, opten 21-50 fő, csomagolópapír",Szolnok,Tóth Béla,Ügyvezető,bela.toth@tiszamentepapir.hu,LOW,csomagolóanyag és ipari papír
44,Tiszamente Papír Kft.,Gyártás / ipar,35,"szolnoki papírüzem, opten 21-50 fő, csomagolópapír",Szolnok,Nagy Ildikó,Értékesítési vezető,ildiko.nagy@tiszamentepapir.hu,LOW,csomagolóanyag és ipari papír
45,Zalai Tégla Kft.,Gyártás / ipar,40,"zalaegerszegi téglaüzem, opten 21-50 fő, regionális építőanyag gyártó",Zalaegerszeg,Csoma László,Ügyvezető,laszlo.csoma@zalaitegla.hu,LOW,tégla és tetőcserép gyártás
46,Zalai Tégla Kft.,Gyártás / ipar,40,"zalaegerszegi téglaüzem, opten 21-50 fő, regionális építőanyag gyártó",Zalaegerszeg,Horváth Péter,Műszaki igazgató,peter.horvath@zalaitegla.hu,LOW,tégla és tetőcserép gyártás
47,Alföldi Nyomda Zrt.,Gyártás / ipar,55,"debreceni nyomda, LinkedIn 50+ fő, ISO 9001 tanúsított",Debrecen,Pénzes Attila,Ügyvezető igazgató,attila.penzes@alfoldinyomda.hu,MEDIUM,"könyv és katalógus nyomda, B2B"
48,Alföldi Nyomda Zrt.,Gyártás / ipar,55,"debreceni nyomda, LinkedIn 50+ fő, ISO 9001 tanúsított",Debrecen,Szabó Ágnes,Kereskedelmi igazgató,agnes.szabo@alfoldinyomda.hu,MEDIUM,"könyv és katalógus nyomda, B2B"
49,Kaposvári Bőrgyár Kft.,Gyártás / ipar,38,"bőrfeldolgozó üzem, opten 21-50 fő, export a Balkánra",Kaposvár,Somogyi Béla,Ügyvezető,bela.somogyi@kaposvaribor.hu,LOW,bőripari félkész termék
50,Kaposvári Bőrgyár Kft.,Gyártás / ipar,38,"bőrfeldolgozó üzem, opten 21-50 fő, export a Balkánra",Kaposvár,Varga Péter,Termelési vezető,peter.varga@kaposvaribor.hu,LOW,bőripari félkész termék
51,Szegedi Paprika Kft.,Gyártás / ipar,45,"szegedi fűszerüzem, opten 21-50 fő, Hungarikum márka",Szeged,Paprika Gábor,Ügyvezető,gabor.paprika@szepaprika.hu,LOW,szárított és őrölt fűszer export
52,Szegedi Paprika Kft.,Gyártás / ipar,45,"szegedi fűszerüzem, opten 21-50 fő, Hungarikum márka",Szeged,Kovács Éva,Export igazgató,eva.kovacs@szepaprika.hu,LOW,szárított és őrölt fűszer export
53,Bajai Acélszerkezet Kft.,Gyártás / ipar,30,"acélszerkezet gyártó, opten 21-50 fő, építőipari B2B",Baja,Bajai István,Tulajdonos-ügyvezető,istvan.bajai@bajaiacél.hu,LOW,acélcsarnok és ipari tároló gyártás
54,Bajai Acélszerkezet Kft.,Gyártás / ipar,30,"acélszerkezet gyártó, opten 21-50 fő, építőipari B2B",Baja,Fekete László,Műszaki igazgató,laszlo.fekete@bajaiacel.hu,LOW,acélcsarnok és ipari tároló gyártás
55,Hajdú Cséplő Kft.,Gyártás / ipar,35,"mezőgazdasági gép javítóüzem, opten 21-50 fő, alkatrész forgalmazás",Hajdúböszörmény,Hajdú Balázs,Ügyvezető,balazs.hajdu@hajducseplo.hu,LOW,mezőgazdasági gép szerviz és alkatrész
56,Hajdú Cséplő Kft.,Gyártás / ipar,35,"mezőgazdasági gép javítóüzem, opten 21-50 fő, alkatrész forgalmazás",Hajdúböszörmény,Tóth Attila,Műszaki igazgató,attila.toth@hajducseplo.hu,LOW,mezőgazdasági gép szerviz és alkatrész
57,Waberer's Regional Kft.,Logisztika / szállítmányozás,55,"regionális fuvarozó, Budapest + Győr + Miskolc depot, LinkedIn 50+ fő",Budapest,Lakatos Tibor,Regionális igazgató,tibor.lakatos@waberers.com,HIGH,közép-kelet-európai fuvarozás
58,Waberer's Regional Kft.,Logisztika / szállítmányozás,55,"regionális fuvarozó, Budapest + Győr + Miskolc depot, LinkedIn 50+ fő",Budapest,Barta Enikő,HR vezető,eniko.barta@waberers.com,HIGH,közép-kelet-európai fuvarozás
59,Raben Hungária Kft.,Logisztika / szállítmányozás,45,"budaörsi logisztikai bázis, LinkedIn 40+ fő, NDU hálózat tagja",Budaörs,Németh Zoltán,Ügyvezető,zoltan.nemeth@raben-group.com,HIGH,raktározás és B2B szállítmányozás
60,Raben Hungária Kft.,Logisztika / szállítmányozás,45,"budaörsi logisztikai bázis, LinkedIn 40+ fő, NDU hálózat tagja",Budaörs,Kovács Klára,HR vezető,klara.kovacs@raben-group.com,MEDIUM,raktározás és B2B szállítmányozás
61,Nagyvállalkozó Fuvar Kft.,Logisztika / szállítmányozás,30,"győri fuvarozó, 22 kamion flotta, opten 21-50 fő",Győr,Nagy Sándor,Tulajdonos-ügyvezető,sandor.nagy@nagyfuvar.hu,MEDIUM,kamionos fuvarozás Közép-Európa
62,Nagyvállalkozó Fuvar Kft.,Logisztika / szállítmányozás,30,"győri fuvarozó, 22 kamion flotta, opten 21-50 fő",Győr,Horváth Gábor,Fuvarozási menedzser,gabor.horvath@nagyfuvar.hu,LOW,kamionos fuvarozás Közép-Európa
63,DPD Hungary Kft.,Logisztika / szállítmányozás,55,"futárszolgálat, 6 depot Magyarországon, LinkedIn 55 fő admin",Budapest,Pécsi Tamás,Területi igazgató,tamas.pecsi@dpd.com,HIGH,csomagküldő és futárszolgálat
64,DPD Hungary Kft.,Logisztika / szállítmányozás,55,"futárszolgálat, 6 depot Magyarországon, LinkedIn 55 fő admin",Budapest,Szilágyi Andrea,HR menedzser,andrea.szilagyi@dpd.com,HIGH,csomagküldő és futárszolgálat
65,Hajtó Kft.,Logisztika / szállítmányozás,35,"debreceni logisztikai cég, raktár + fuvar, opten 21-50 fő",Debrecen,Hajtó Péter,Ügyvezető,peter.hajto@hajto.hu,LOW,raktározás és belső árufuvarozás
66,Hajtó Kft.,Logisztika / szállítmányozás,35,"debreceni logisztikai cég, raktár + fuvar, opten 21-50 fő",Debrecen,Varga Róbert,Logisztikai menedzser,robert.varga@hajto.hu,LOW,raktározás és belső árufuvarozás
67,Dél-Cargo Kft.,Logisztika / szállítmányozás,28,"pécsi fuvarozó, 20+ kamion, opten 21-50 fő",Pécs,Baranya Zoltán,Ügyvezető,zoltan.baranya@delcargo.hu,LOW,Dél-Dunántúl regionális fuvarozás
68,Dél-Cargo Kft.,Logisztika / szállítmányozás,28,"pécsi fuvarozó, 20+ kamion, opten 21-50 fő",Pécs,Tóth László,Diszpécser vezető,laszlo.toth@delcargo.hu,LOW,Dél-Dunántúl regionális fuvarozás
69,GYSEV Cargo Zrt.,Logisztika / szállítmányozás,50,"győri vasúti árufuvarozó, opten 51-100 fő, MÁV hálózaton",Győr,Szabó Imre,Kereskedelmi igazgató,imre.szabo@gysev.hu,MEDIUM,vasúti árufuvarozás AU-HU-SK határátkelőn
70,GYSEV Cargo Zrt.,Logisztika / szállítmányozás,50,"győri vasúti árufuvarozó, opten 51-100 fő, MÁV hálózaton",Győr,Papp Zsuzsanna,HR vezető,zsuzsanna.papp@gysev.hu,MEDIUM,vasúti árufuvarozás AU-HU-SK határátkelőn
71,MSC Hungary Kft.,Logisztika / szállítmányozás,38,"tengerhajózási ügynökség, Budapest + Győr iroda, LinkedIn 35+ fő",Budapest,Molnár Erika,Ügyvezető,erika.molnar@msc.com,MEDIUM,MSC kontejner szállítmányozás HU
72,MSC Hungary Kft.,Logisztika / szállítmányozás,38,"tengerhajózási ügynökség, Budapest + Győr iroda, LinkedIn 35+ fő",Budapest,Fekete László,Kereskedelmi vezető,laszlo.fekete@msc.com,MEDIUM,MSC kontejner szállítmányozás HU
73,Alföldi Szállítmányozó Kft.,Logisztika / szállítmányozás,32,"szolnoki regionális fuvarozó, 25 teherjármű, opten 21-50 fő",Szolnok,Alföldi Gábor,Tulajdonos,gabor.alfoldi@alfoldifuvar.hu,LOW,Alföld és Budapest közötti árufuvarozás
74,Alföldi Szállítmányozó Kft.,Logisztika / szállítmányozás,32,"szolnoki regionális fuvarozó, 25 teherjármű, opten 21-50 fő",Szolnok,Kovács Nóra,Fuvarozási koordinátor,nora.kovacs@alfoldifuvar.hu,LOW,Alföld és Budapest közötti árufuvarozás
75,Balaton Logisztika Kft.,Logisztika / szállítmányozás,25,"keszthelyi raktározás+fuvarozás, opten 21-50 fő",Keszthely,Takács Sándor,Ügyvezető,sandor.takacs@balatonlogisztika.hu,LOW,Balaton régió raktározás és elosztás
76,Balaton Logisztika Kft.,Logisztika / szállítmányozás,25,"keszthelyi raktározás+fuvarozás, opten 21-50 fő",Keszthely,Horváth Tibor,Raktárvezető,tibor.horvath@balatonlogisztika.hu,LOW,Balaton régió raktározás és elosztás
77,Magyar Posta Logisztika Kft.,Logisztika / szállítmányozás,55,"postai logisztikai leányvállalat, LinkedIn 50+ fő, 3 depot",Budapest,Vásárhelyi András,Ügyvezető igazgató,andras.vasarhelyi@posta.hu,MEDIUM,üzleti postai és logisztikai megoldások
78,Magyar Posta Logisztika Kft.,Logisztika / szállítmányozás,55,"postai logisztikai leányvállalat, LinkedIn 50+ fő, 3 depot",Budapest,Szabó Orsolya,HR igazgató,orsolya.szabo@posta.hu,MEDIUM,üzleti postai és logisztikai megoldások
79,Transváz Kft.,Logisztika / szállítmányozás,30,"miskolci fuvarozó, opten 21-50 fő, veszélyes áru engedéllyel",Miskolc,Vásárhelyi Béla,Ügyvezető,bela.vasarhelyi@transvaz.hu,LOW,veszélyes anyag szállítás ADR engedéllyel
80,Transváz Kft.,Logisztika / szállítmányozás,30,"miskolci fuvarozó, opten 21-50 fő, veszélyes áru engedéllyel",Miskolc,Kis Péter,Diszpécser vezető,peter.kis@transvaz.hu,LOW,veszélyes anyag szállítás ADR engedéllyel
81,Hajdú Fuvar Kft.,Logisztika / szállítmányozás,28,"debreceni fuvarozó, opten 21-50 fő, hűtős fuvarozás",Debrecen,Hajdú Tibor,Ügyvezető,tibor.hajdu@hajdufuvar.hu,LOW,hűtőlánc szállítás és raktározás
82,Hajdú Fuvar Kft.,Logisztika / szállítmányozás,28,"debreceni fuvarozó, opten 21-50 fő, hűtős fuvarozás",Debrecen,Tóth Erzsébet,Adminisztrációs vezető,erzsebet.toth@hajdufuvar.hu,LOW,hűtőlánc szállítás és raktározás
83,Sopron Transit Kft.,Logisztika / szállítmányozás,35,"soproni határszéli fuvarozó, AT-HU tengely, opten 21-50 fő",Sopron,Gaál Ferenc,Ügyvezető,ferenc.gaal@soprontransit.hu,MEDIUM,"Ausztria-Magyarország fuvarozás, vám ügyek"
84,Sopron Transit Kft.,Logisztika / szállítmányozás,35,"soproni határszéli fuvarozó, AT-HU tengely, opten 21-50 fő",Sopron,Horváth Krisztián,Forgalmi vezető,krisztian.horvath@soprontransit.hu,LOW,"Ausztria-Magyarország fuvarozás, vám ügyek"
85,Nyírségi Fuvarozó Kft.,Logisztika / szállítmányozás,25,"nyíregyházi fuvarozó, opten 21-50 fő, mezőgazdasági áru",Nyíregyháza,Nyíri Sándor,Tulajdonos-ügyvezető,sandor.nyiri@nyirsegifuvar.hu,LOW,mezőgazdasági és ipari árufuvarozás
86,Nyírségi Fuvarozó Kft.,Logisztika / szállítmányozás,25,"nyíregyházi fuvarozó, opten 21-50 fő, mezőgazdasági áru",Nyíregyháza,Papp László,Diszpécser,laszlo.papp@nyirsegifuvar.hu,LOW,mezőgazdasági és ipari árufuvarozás
87,Tisza-Ship Kft.,Logisztika / szállítmányozás,30,"szolnoki folyami szállítmányozó, opten 21-50 fő, folyami flotta",Szolnok,Tisza Gábor,Ügyvezető,gabor.tisza@tiszaship.hu,LOW,folyami áruszállítás a Tiszán
88,Tisza-Ship Kft.,Logisztika / szállítmányozás,30,"szolnoki folyami szállítmányozó, opten 21-50 fő, folyami flotta",Szolnok,Varga Katalin,Kereskedelmi vezető,katalin.varga@tiszaship.hu,LOW,folyami áruszállítás a Tiszán
89,Pannónia Spedíció Kft.,Logisztika / szállítmányozás,40,"pécsi spedíció, opten 21-50 fő, Balkán irányú fuvarozás",Pécs,Pannónia Zsolt,Ügyvezető,zsolt.pannonia@pannoniasped.hu,LOW,Balkán és közép-EU spedíció
90,Pannónia Spedíció Kft.,Logisztika / szállítmányozás,40,"pécsi spedíció, opten 21-50 fő, Balkán irányú fuvarozás",Pécs,Baranya Péter,Vámügyi vezető,peter.baranya@pannoniasped.hu,LOW,Balkán és közép-EU spedíció
91,Keletkar Kft.,Logisztika / szállítmányozás,35,"miskolci autószállító, opten 21-50 fő, autóipari B2B",Miskolc,Keletkar Attila,Ügyvezető,attila.keletkar@keletkar.hu,LOW,gépjármű szállítás Közép-EU
92,Keletkar Kft.,Logisztika / szállítmányozás,35,"miskolci autószállító, opten 21-50 fő, autóipari B2B",Miskolc,Molnár Gábor,Logisztikai koordinátor,gabor.molnar@keletkar.hu,LOW,gépjármű szállítás Közép-EU
93,Duna-Dráva Cargo Kft.,Logisztika / szállítmányozás,28,"pécsi fuvarozó és raktározás, opten 21-50 fő",Pécs,Dávid Zoltán,Ügyvezető,zoltan.david@dunadravacargo.hu,LOW,Dél-Dunántúl fuvarozás és raktározás
94,Duna-Dráva Cargo Kft.,Logisztika / szállítmányozás,28,"pécsi fuvarozó és raktározás, opten 21-50 fő",Pécs,Fehér Éva,Ügyfélszolgálat vezető,eva.feher@dunadravacargo.hu,LOW,Dél-Dunántúl fuvarozás és raktározás
95,Flex-Trans Kft.,Logisztika / szállítmányozás,30,"győri fuvarozó, flexibilis flotta, opten 21-50 fő",Győr,Flex Tamás,Ügyvezető,tamas.flex@flextrans.hu,LOW,expressz fuvarozás Közép-EU
96,Flex-Trans Kft.,Logisztika / szállítmányozás,30,"győri fuvarozó, flexibilis flotta, opten 21-50 fő",Győr,Kovács Attila,Fuvarozási menedzser,attila.kovacs@flextrans.hu,LOW,expressz fuvarozás Közép-EU
97,Euro-Logix Kft.,Logisztika / szállítmányozás,38,"Budapest logisztikai park, raktár+fuvar+vám, opten 21-50 fő",Budapest,Euró Péter,Ügyvezető,peter.euro@eurologix.hu,LOW,teljes körű logisztikai szolgáltatás
98,Euro-Logix Kft.,Logisztika / szállítmányozás,38,"Budapest logisztikai park, raktár+fuvar+vám, opten 21-50 fő",Budapest,Vásárhelyi Nóra,Vámügyi szakértő,nora.vasarhelyi@eurologix.hu,LOW,teljes körű logisztikai szolgáltatás
99,Cargo-Hungary Zrt.,Logisztika / szállítmányozás,45,"kecskeméti raktározás, opten 21-50 fő, Mercedes gyár közelében",Kecskemét,Cargo István,Ügyvezető igazgató,istvan.cargo@cargohungary.hu,LOW,autóiparhoz kötődő logisztika
100,Cargo-Hungary Zrt.,Logisztika / szállítmányozás,45,"kecskeméti raktározás, opten 21-50 fő, Mercedes gyár közelében",Kecskemét,Tóth Péter,Raktárvezető,peter.toth@cargohungary.hu,LOW,autóiparhoz kötődő logisztika
101,Budai Egészségközpont Kft.,Egészségügyi magánklinika,55,"LinkedIn 54 employee, 8 orvosi szakrendelő, saját labor + röntgen",Budapest,Budai Tamás,Ügyvezető,tamas.budai@bek.hu,HIGH,teljes magánegészségügyi ellátás
102,Budai Egészségközpont Kft.,Egészségügyi magánklinika,55,"LinkedIn 54 employee, 8 orvosi szakrendelő, saját labor + röntgen",Budapest,Horváth Zsuzsa,HR vezető,zsuzsa.horvath@bek.hu,HIGH,teljes magánegészségügyi ellátás
103,ClinScan Kft.,Egészségügyi magánklinika,35,"magán MRI és CT klinika, 3 gép + orvos team, LinkedIn 30+ fő",Budapest,Molnár Katalin,Ügyvezető orvos,katalin.molnar@clinscan.hu,HIGH,radiológiai diagnosztikai magánklinika
104,ClinScan Kft.,Egészségügyi magánklinika,35,"magán MRI és CT klinika, 3 gép + orvos team, LinkedIn 30+ fő",Budapest,Fekete Gábor,Adminisztratív igazgató,gabor.fekete@clinscan.hu,MEDIUM,radiológiai diagnosztikai magánklinika
105,Pannónia Klinika Kft.,Egészségügyi magánklinika,45,"pécsi magánklinika, 5 szakrendelő + labor, weboldal 40+ szakember",Pécs,Pannónia Péter,Ügyvezető orvos,peter.pannonia@pannoniaklinkia.hu,MEDIUM,komplex magánegészségügyi centrum
106,Pannónia Klinika Kft.,Egészségügyi magánklinika,45,"pécsi magánklinika, 5 szakrendelő + labor, weboldal 40+ szakember",Pécs,Varga Erika,Klinikai menedzser,erika.varga@pannoniaklinkia.hu,MEDIUM,komplex magánegészségügyi centrum
107,Duna Medical Center Kft.,Egészségügyi magánklinika,50,"budapest magánklinika, website team: 45+ orvos és asszisztens",Budapest,Duna Attila,CEO,attila.duna@dunamedical.hu,HIGH,kardiovaskuláris és ortopéd centrum
108,Duna Medical Center Kft.,Egészségügyi magánklinika,50,"budapest magánklinika, website team: 45+ orvos és asszisztens",Budapest,Kiss Ágnes,Igazgatóhelyettes,agnes.kiss@dunamedical.hu,HIGH,kardiovaskuláris és ortopéd centrum
109,Vitamed Kft.,Egészségügyi magánklinika,30,"győri magánrendelő, 4 szakrendelő + fizikoterápia, opten 21-50 fő",Győr,Vita Zsuzsanna,Ügyvezető,zsuzsanna.vita@vitamed.hu,MEDIUM,magánambulancia és rehabilitáció
110,Vitamed Kft.,Egészségügyi magánklinika,30,"győri magánrendelő, 4 szakrendelő + fizikoterápia, opten 21-50 fő",Győr,Horváth Béla,Orvosigazgató,bela.horvath@vitamed.hu,MEDIUM,magánambulancia és rehabilitáció
111,SzegediMed Kft.,Egészségügyi magánklinika,40,"szegedi magánklinika, 6 szakrendelő, opten 21-50 fő",Szeged,Szegedi Margit,Ügyvezető orvos,margit.szegedi@szegadimed.hu,MEDIUM,belgyógyászat + nőgyógyászat + labor
112,SzegediMed Kft.,Egészségügyi magánklinika,40,"szegedi magánklinika, 6 szakrendelő, opten 21-50 fő",Szeged,Kovács Péter,Adminisztratív igazgató,peter.kovacs@szegadimed.hu,MEDIUM,belgyógyászat + nőgyógyászat + labor
113,Miskolci Egészségközpont Kft.,Egészségügyi magánklinika,35,"miskolci magánklinika, 5 szakrendelő + fizikoterápia, opten 21-50 fő",Miskolc,Fekete Zoltán,Ügyvezető orvos,zoltan.fekete@miskolciek.hu,MEDIUM,ambuláns magánegészségügyi ellátás
114,Miskolci Egészségközpont Kft.,Egészségügyi magánklinika,35,"miskolci magánklinika, 5 szakrendelő + fizikoterápia, opten 21-50 fő",Miskolc,Tóth Katalin,Irodavezető,katalin.toth@miskolciek.hu,MEDIUM,ambuláns magánegészségügyi ellátás
115,Egermed Kft.,Egészségügyi magánklinika,28,"egri magánklinika, 3 rendelő + ultrahang, opten 21-50 fő",Eger,Egermed Péter,Orvosigazgató,peter.egermed@egermed.hu,MEDIUM,általános és szakorvosi magánrendelés
116,Egermed Kft.,Egészségügyi magánklinika,28,"egri magánklinika, 3 rendelő + ultrahang, opten 21-50 fő",Eger,Varga Nóra,Klinikai koordinátor,nora.varga@egermed.hu,LOW,általános és szakorvosi magánrendelés
117,Debreceni Privát Klinika Kft.,Egészségügyi magánklinika,42,"debreceni magánklinika, 7 szakrendelő, opten 21-50 fő",Debrecen,Hajdú Orsolya,CEO orvos,orsolya.hajdu@debreceniprivátklinika.hu,MEDIUM,komplex privát egészségügyi centrum Debrecen
118,Debreceni Privát Klinika Kft.,Egészségügyi magánklinika,42,"debreceni magánklinika, 7 szakrendelő, opten 21-50 fő",Debrecen,Fekete György,Igazgatóhelyettes,gyorgy.fekete@debrprivat.hu,MEDIUM,komplex privát egészségügyi centrum Debrecen
119,Balatoni Wellness Klinika Kft.,Egészségügyi magánklinika,30,"keszthelyi wellnesklinika, 3 rendelő + spa, opten 21-50 fő",Keszthely,Balaton Erika,Ügyvezető,erika.balaton@balatonwellness.hu,LOW,turisztikai wellness és egészségprogram
120,Balatoni Wellness Klinika Kft.,Egészségügyi magánklinika,30,"keszthelyi wellnesklinika, 3 rendelő + spa, opten 21-50 fő",Keszthely,Tóth Gábor,Egészségügyi igazgató,gabor.toth@balatonwellness.hu,LOW,turisztikai wellness és egészségprogram
121,Praxis Gépészet Kft.,Egészségügyi magánklinika,25,"veszprémi magánrendelő, 3 szakrendelő, opten 21-50 fő",Veszprém,Praxis Zoltán,Orvosigazgató,zoltan.praxis@praxisklinika.hu,LOW,magánambulancia és megelőző vizsgálatok
122,Praxis Gépészet Kft.,Egészségügyi magánklinika,25,"veszprémi magánrendelő, 3 szakrendelő, opten 21-50 fő",Veszprém,Szabó Mária,Irodavezető,maria.szabo@praxisklinika.hu,LOW,magánambulancia és megelőző vizsgálatok
123,Dél-Med Kft.,Egészségügyi magánklinika,35,"pécsi magánklinika, 4 szakrendelő + labor, opten 21-50 fő",Pécs,Déli Péter,Ügyvezető orvos,peter.deli@delmed.hu,LOW,magánambulancia déli iparkörzet
124,Dél-Med Kft.,Egészségügyi magánklinika,35,"pécsi magánklinika, 4 szakrendelő + labor, opten 21-50 fő",Pécs,Baranya Éva,Adminisztratív igazgató,eva.baranya@delmed.hu,LOW,magánambulancia déli iparkörzet
125,Szívklinika Budapest Kft.,Egészségügyi magánklinika,40,"kardiocentrum, 5 kardiológus + asszisztensek, LinkedIn 38 fő",Budapest,Szív Tamás,Főorvos-igazgató,tamas.sziv@szivklinika.hu,MEDIUM,privát kardiológiai centrum
126,Szívklinika Budapest Kft.,Egészségügyi magánklinika,40,"kardiocentrum, 5 kardiológus + asszisztensek, LinkedIn 38 fő",Budapest,Kiss Borbála,Klinikai koordinátor,borbala.kiss@szivklinika.hu,MEDIUM,privát kardiológiai centrum
127,NovaMed Kft.,Egészségügyi magánklinika,32,"győri magánklinika, 4 rendelő + CT, opten 21-50 fő",Győr,Nova Péter,CEO orvos,peter.nova@novamed.hu,LOW,diagnosztika és ambuláns ellátás
128,NovaMed Kft.,Egészségügyi magánklinika,32,"győri magánklinika, 4 rendelő + CT, opten 21-50 fő",Győr,Kovács Zsuzsanna,Minőségbiztosítás,zsuzsanna.kovacs@novamed.hu,LOW,diagnosztika és ambuláns ellátás
129,KözelMed Kft.,Egészségügyi magánklinika,28,"nyíregyházi magánrendelő, 3 szakrendelő, opten 21-50 fő",Nyíregyháza,Közel Mária,Ügyvezető orvos,maria.kozel@kozelmed.hu,LOW,magán belgyógyászat és nőgyógyászat
130,KözelMed Kft.,Egészségügyi magánklinika,28,"nyíregyházi magánrendelő, 3 szakrendelő, opten 21-50 fő",Nyíregyháza,Papp Tibor,Adminisztratív vezető,tibor.papp@kozelmed.hu,LOW,magán belgyógyászat és nőgyógyászat
131,Alföldi Egészségközpont Kft.,Egészségügyi magánklinika,38,"kecskeméti magánklinika, 5 szakrendelő, opten 21-50 fő",Kecskemét,Alföldi Éva,Ügyvezető orvos,eva.alfoldi@alfoldiek.hu,LOW,magánegészségügyi centrum Kecskemét
132,Alföldi Egészségközpont Kft.,Egészségügyi magánklinika,38,"kecskeméti magánklinika, 5 szakrendelő, opten 21-50 fő",Kecskemét,Fekete Tibor,Adminisztratív igazgató,tibor.fekete@alfoldiek.hu,LOW,magánegészségügyi centrum Kecskemét
133,RehabMed Kft.,Egészségügyi magánklinika,30,"budai rehabilitációs klinika, 3 terapeuta + orvosok, LinkedIn 28 fő",Budapest,Rehab Katalin,Ügyvezető fizioterapeuta,katalin.rehab@rehabmed.hu,MEDIUM,post-op és sportsérülés rehabilitáció
134,RehabMed Kft.,Egészségügyi magánklinika,30,"budai rehabilitációs klinika, 3 terapeuta + orvosok, LinkedIn 28 fő",Budapest,Tóth András,Orvosigazgató,andras.toth@rehabmed.hu,MEDIUM,post-op és sportsérülés rehabilitáció
135,VivaClinic Kft.,Egészségügyi magánklinika,35,"budai privát klinika, 4 szakrendelő + labor, opten 21-50 fő",Budapest,Viva Gábor,CEO orvos,gabor.viva@vivaclinic.hu,MEDIUM,komplex privát egészségügyi centrum
136,VivaClinic Kft.,Egészségügyi magánklinika,35,"budai privát klinika, 4 szakrendelő + labor, opten 21-50 fő",Budapest,Horváth Anett,Marketing-kommunikáció,anett.horvath@vivaclinic.hu,MEDIUM,komplex privát egészségügyi centrum
137,Épker Kft.,Építőipar,45,"3 aktív lakópark projekt, 40+ kivitelező szakember, opten 21-50 fő",Budapest,Molnár Csaba,Ügyvezető,csaba.molnar@epker.hu,MEDIUM,ingatlanfejlesztés és kivitelezés
138,Épker Kft.,Építőipar,45,"3 aktív lakópark projekt, 40+ kivitelező szakember, opten 21-50 fő",Budapest,Farkas Péter,Projekt igazgató,peter.farkas@epker.hu,MEDIUM,ingatlanfejlesztés és kivitelezés
139,Megép Kft.,Építőipar,38,"győri kivitelező, aktuális Győr ETO Park projektje, opten 21-50 fő",Győr,Gaál Sándor,Ügyvezető,sandor.gaal@megep.hu,MEDIUM,ipari és kereskedelmi épület kivitelezés
140,Megép Kft.,Építőipar,38,"győri kivitelező, aktuális Győr ETO Park projektje, opten 21-50 fő",Győr,Tóth Zoltán,Műszaki igazgató,zoltan.toth@megep.hu,MEDIUM,ipari és kereskedelmi épület kivitelezés
141,Pécsi Építő Kft.,Építőipar,30,"dél-dunántúli kivitelező, opten 21-50 fő, több aktív projekt",Pécs,Baranya Sándor,Tulajdonos-ügyvezető,sandor.baranya@pecsiepitek.hu,LOW,lakó és ipari épület kivitelezés Dél-Dunántúl
142,Pécsi Építő Kft.,Építőipar,30,"dél-dunántúli kivitelező, opten 21-50 fő, több aktív projekt",Pécs,Fehér Zoltán,Helyszíni vezető,zoltan.feher@pecsiepitek.hu,LOW,lakó és ipari épület kivitelezés Dél-Dunántúl
143,Miskolci Mélyépítő Kft.,Építőipar,40,"útépítési és infrastruktúra kivitelező, opten 21-50 fő, önkormányzati tender",Miskolc,Fekete Béla,Ügyvezető,bela.fekete@miskolcimelye.hu,MEDIUM,közút és önkormányzati infrastruktúra
144,Miskolci Mélyépítő Kft.,Építőipar,40,"útépítési és infrastruktúra kivitelező, opten 21-50 fő, önkormányzati tender",Miskolc,Molnár Attila,Projekt vezető,attila.molnar@miskolcimelye.hu,LOW,közút és önkormányzati infrastruktúra
145,Debreceni Builders Kft.,Építőipar,35,"debreceni lakópark fejlesztő, opten 21-50 fő, 3 aktív projekt",Debrecen,Hajdú László,Ügyvezető igazgató,laszlo.hajdu@debreceníbuilders.hu,LOW,lakóingatlan fejlesztés és értékesítés
146,Debreceni Builders Kft.,Építőipar,35,"debreceni lakópark fejlesztő, opten 21-50 fő, 3 aktív projekt",Debrecen,Papp Norbert,Értékesítési igazgató,norbert.papp@dbuilders.hu,LOW,lakóingatlan fejlesztés és értékesítés
147,Sopron Épít Kft.,Építőipar,28,"soproni kivitelező, opten 21-50 fő, Ausztria-Magyarország határ projektek",Sopron,Soproni László,Tulajdonos,laszlo.soproni@sopronepito.hu,LOW,határon átnyúló lakó és ipari kivitelezés
148,Sopron Épít Kft.,Építőipar,28,"soproni kivitelező, opten 21-50 fő, Ausztria-Magyarország határ projektek",Sopron,Horváth Attila,Műszaki vezető,attila.horvath@sopronepito.hu,LOW,határon átnyúló lakó és ipari kivitelezés
149,Zala-Ép Kft.,Építőipar,30,"zalaegerszegi kivitelező, opten 21-50 fő, ipari épületek specialistája",Zalaegerszeg,Zalai Tibor,Ügyvezető,tibor.zalai@zalaep.hu,LOW,csarnok és raktárépítés ipari megbízók
150,Zala-Ép Kft.,Építőipar,30,"zalaegerszegi kivitelező, opten 21-50 fő, ipari épületek specialistája",Zalaegerszeg,Fekete Gábor,Helyszíni főmérnök,gabor.fekete@zalaep.hu,LOW,csarnok és raktárépítés ipari megbízók
151,Duna-Build Kft.,Építőipar,35,"Duna-mente kivitelező, opten 21-50 fő, Paksi atomerőmű beszállítója",Paks,Duna Péter,Ügyvezető,peter.duna@dunabuild.hu,MEDIUM,energetikai és ipari építési kivitelezés
152,Duna-Build Kft.,Építőipar,35,"Duna-mente kivitelező, opten 21-50 fő, Paksi atomerőmű beszállítója",Paks,Kovács László,Biztonsági és projekt vezető,laszlo.kovacs@dunabuild.hu,MEDIUM,energetikai és ipari építési kivitelezés
153,EasyHome Kft.,Építőipar,25,"debreceni lakásfelújító, opten 21-50 fő, B2C+B2B",Debrecen,Easy Tamás,Ügyvezető,tamas.easy@easyhome.hu,LOW,komplex lakásfelújítás és kulcsrakész házak
154,EasyHome Kft.,Építőipar,25,"debreceni lakásfelújító, opten 21-50 fő, B2C+B2B",Debrecen,Horváth Júlia,Értékesítési vezető,julia.horvath@easyhome.hu,LOW,komplex lakásfelújítás és kulcsrakész házak
155,Kaposvári Épszer Kft.,Építőipar,30,"kaposi kivitelező, opten 21-50 fő, önkormányzati megbízások",Kaposvár,Kapos Sándor,Tulajdonos,sandor.kapos@kaposepitek.hu,LOW,közmű és önkormányzati épület kivitelezés
156,Kaposvári Épszer Kft.,Építőipar,30,"kaposi kivitelező, opten 21-50 fő, önkormányzati megbízások",Kaposvár,Somogyi Gábor,Projekt vezető,gabor.somogyi@kaposepitek.hu,LOW,közmű és önkormányzati épület kivitelezés
157,Szolnoki Téglafalazó Kft.,Építőipar,28,"szolnoki épülettégla vállalkozó, opten 21-50 fő",Szolnok,Szolnoki László,Ügyvezető,laszlo.szolnoki@szolnokiepitek.hu,LOW,lakóépület és ipari csarnok falazás
158,Szolnoki Téglafalazó Kft.,Építőipar,28,"szolnoki épülettégla vállalkozó, opten 21-50 fő",Szolnok,Tóth Béla,Munkavezető,bela.toth@szolnokiepitek.hu,LOW,lakóépület és ipari csarnok falazás
159,Balaton-Ép Kft.,Építőipar,30,"balatonfüredi kivitelező, opten 21-50 fő, turisztikai fejlesztés",Balatonfüred,Balaton Gábor,Ügyvezető,gabor.balaton@balatonep.hu,LOW,szálloda és turisztikai épületfelújítás
160,Balaton-Ép Kft.,Építőipar,30,"balatonfüredi kivitelező, opten 21-50 fő, turisztikai fejlesztés",Balatonfüred,Horváth Péter,Projekt vezető,peter.horvath@balatonep.hu,LOW,szálloda és turisztikai épületfelújítás
161,Nyír-Ép Kft.,Építőipar,35,"nyíregyházi kivitelező, opten 21-50 fő, Szabolcs megye",Nyíregyháza,Nyíri Attila,Ügyvezető,attila.nyiri@nyirep.hu,LOW,lakóingatlan és önkormányzati kivitelezés
162,Nyír-Ép Kft.,Építőipar,35,"nyíregyházi kivitelező, opten 21-50 fő, Szabolcs megye",Nyíregyháza,Papp Zsolt,Műszaki vezető,zsolt.papp@nyirep.hu,LOW,lakóingatlan és önkormányzati kivitelezés
163,Háztájflex Kft.,Építőipar,28,"győri tetőfedő és burkoló, opten 21-50 fő",Győr,Ház Tamás,Tulajdonos-ügyvezető,tamas.haz@haztajflex.hu,LOW,tetőfedés és homlokzat felújítás
164,Háztájflex Kft.,Építőipar,28,"győri tetőfedő és burkoló, opten 21-50 fő",Győr,Farkas István,Munkavezető,istvan.farkas@haztajflex.hu,LOW,tetőfedés és homlokzat felújítás
165,Tisza-Build Zrt.,Építőipar,45,"szolnoki ingatlanbefektető és kivitelező, opten 21-50 fő, 4 aktív projekt",Szolnok,Tisza Péter,CEO,peter.tisza@tiszabuild.hu,MEDIUM,lakóparkok fejlesztése Szolnok régióban
166,Tisza-Build Zrt.,Építőipar,45,"szolnoki ingatlanbefektető és kivitelező, opten 21-50 fő, 4 aktív projekt",Szolnok,Fekete Gábor,Értékesítési igazgató,gabor.fekete@tiszabuild.hu,MEDIUM,lakóparkok fejlesztése Szolnok régióban
167,Brenntag Hungária Kft.,Ipari nagykereskedő / disztribútor,55,"vegyianyag disztribútor, LinkedIn 50+ fő, 2 raktár Budapest+Győr",Budapest,Brenntag Gábor,Ügyvezető igazgató,gabor.brenntag@brenntag.hu,HIGH,ipari vegyianyag és nyersanyag kereskedelem
168,Brenntag Hungária Kft.,Ipari nagykereskedő / disztribútor,55,"vegyianyag disztribútor, LinkedIn 50+ fő, 2 raktár Budapest+Győr",Budapest,Horváth Erika,HR vezető,erika.horvath@brenntag.hu,HIGH,ipari vegyianyag és nyersanyag kereskedelem
169,Würth Hungária Kft.,Ipari nagykereskedő / disztribútor,55,"szerszám és rögzítőelem nagyker, LinkedIn 52 fő, 3 regionális iroda",Budapest,Würth Magyar Péter,Ügyvezető,peter.wurth@wurth.hu,HIGH,ipari szerszám és rögzítőelem disztribúció
170,Würth Hungária Kft.,Ipari nagykereskedő / disztribútor,55,"szerszám és rögzítőelem nagyker, LinkedIn 52 fő, 3 regionális iroda",Budapest,Szabó Zsuzsa,HR menedzser,zsuzsa.szabo@wurth.hu,HIGH,ipari szerszám és rögzítőelem disztribúció
171,Bidfood Hungary Kft.,Ipari nagykereskedő / disztribútor,48,"élelmiszer nagyker, opten 21-50 fő, HoReCa B2B",Budapest,Bidfood István,Ügyvezető,istvan.bidfood@bidfood.hu,MEDIUM,HoReCa élelmiszer és ital nagykereskedelem
172,Bidfood Hungary Kft.,Ipari nagykereskedő / disztribútor,48,"élelmiszer nagyker, opten 21-50 fő, HoReCa B2B",Budapest,Kovács Mária,Értékesítési igazgató,maria.kovacs@bidfood.hu,MEDIUM,HoReCa élelmiszer és ital nagykereskedelem
173,Volvo Trucks Hungária Kft.,Ipari nagykereskedő / disztribútor,40,"teherjármű kereskedő és szerviz, opten 21-50 fő, Budapest + Győr szerviz",Budapest,Volvo Tamás,Ügyvezető,tamas.volvo@volvotrucks.hu,MEDIUM,Volvo teherjármű értékesítés és szerviz
174,Volvo Trucks Hungária Kft.,Ipari nagykereskedő / disztribútor,40,"teherjármű kereskedő és szerviz, opten 21-50 fő, Budapest + Győr szerviz",Budapest,Fekete László,Értékesítési igazgató,laszlo.fekete@volvotrucks.hu,MEDIUM,Volvo teherjármű értékesítés és szerviz
175,Praktiker Kereskedelmi Kft.,Ipari nagykereskedő / disztribútor,50,"barkácsáruház lánc, opten 51-100 fő HQ + áruházak",Budapest,Praktiker Gábor,Regionális igazgató,gabor.praktiker@praktiker.hu,MEDIUM,DIY és építőanyag kereskedelem B2B+B2C
176,Praktiker Kereskedelmi Kft.,Ipari nagykereskedő / disztribútor,50,"barkácsáruház lánc, opten 51-100 fő HQ + áruházak",Budapest,Horváth Zsuzsanna,HR igazgató,zsuzsanna.horvath@praktiker.hu,MEDIUM,DIY és építőanyag kereskedelem B2B+B2C
177,Agro-Chemie Hungária Kft.,Ipari nagykereskedő / disztribútor,35,"növényvédőszer nagyker, opten 21-50 fő, mezőgazdasági B2B",Debrecen,Agro Péter,Ügyvezető,peter.agro@agrochemie.hu,MEDIUM,mezőgazdasági kemikália és műtrágya
178,Agro-Chemie Hungária Kft.,Ipari nagykereskedő / disztribútor,35,"növényvédőszer nagyker, opten 21-50 fő, mezőgazdasági B2B",Debrecen,Nagy Béla,Értékesítési igazgató,bela.nagy@agrochemie.hu,MEDIUM,mezőgazdasági kemikália és műtrágya
179,Schneider Electric Hungária Kft.,Ipari nagykereskedő / disztribútor,45,"elektromos és automatizálási disztribútor, LinkedIn 43 fő",Budapest,Schneider Gábor,Ügyvezető,gabor.schneider@se.com,HIGH,ipari villamossági disztribúció
180,Schneider Electric Hungária Kft.,Ipari nagykereskedő / disztribútor,45,"elektromos és automatizálási disztribútor, LinkedIn 43 fő",Budapest,Kiss Adrienn,Kereskedelmi igazgató,adrienn.kiss@se.com,HIGH,ipari villamossági disztribúció
181,KÉSZ Csoport Zrt.,Ipari nagykereskedő / disztribútor,40,"építőanyag nagyker, opten 21-50 fő, szegedi + kecskeméti raktár",Szeged,KÉSZ Gábor,Ügyvezető igazgató,gabor.kesz@kesz.hu,MEDIUM,építőanyag és fa kereskedelem
182,KÉSZ Csoport Zrt.,Ipari nagykereskedő / disztribútor,40,"építőanyag nagyker, opten 21-50 fő, szegedi + kecskeméti raktár",Szeged,Fekete Erika,Értékesítési vezető,erika.fekete@kesz.hu,MEDIUM,építőanyag és fa kereskedelem
183,Metro Hungária Kft.,Ipari nagykereskedő / disztribútor,55,"Cash&Carry nagyker, LinkedIn 53 fő HQ, B2B élelmiszer és non-food",Budapest,Metro Tamás,Regionális igazgató,tamas.metro@metro.hu,HIGH,HoReCa és kisvállalkozás B2B nagykereskedelem
184,Metro Hungária Kft.,Ipari nagykereskedő / disztribútor,55,"Cash&Carry nagyker, LinkedIn 53 fő HQ, B2B élelmiszer és non-food",Budapest,Varga Nóra,HR partner,nora.varga@metro.hu,HIGH,HoReCa és kisvállalkozás B2B nagykereskedelem
185,Herco Vegyianyag Kft.,Ipari nagykereskedő / disztribútor,30,"ipari tisztítószer disztribútor, opten 21-50 fő, HoReCa B2B",Budapest,Herco László,Ügyvezető,laszlo.herco@herco.hu,MEDIUM,ipari higiéniai termékek és mosószer
186,Herco Vegyianyag Kft.,Ipari nagykereskedő / disztribútor,30,"ipari tisztítószer disztribútor, opten 21-50 fő, HoReCa B2B",Budapest,Kovács Judit,Értékesítési vezető,judit.kovacs@herco.hu,LOW,ipari higiéniai termékek és mosószer
187,Győri Iparcikk Kft.,Ipari nagykereskedő / disztribútor,28,"ipari alkatrész nagyker, opten 21-50 fő, nyugat-dunántúli B2B",Győr,Győri Gábor,Ügyvezető,gabor.gyori@gyoriipar.hu,LOW,gépipari alkatrész és szerszám kereskedelem
188,Győri Iparcikk Kft.,Ipari nagykereskedő / disztribútor,28,"ipari alkatrész nagyker, opten 21-50 fő, nyugat-dunántúli B2B",Győr,Fekete Tamás,Értékesítési menedzser,tamas.fekete@gyoriipar.hu,LOW,gépipari alkatrész és szerszám kereskedelem
189,Kecskeméti Agrárnagyker Kft.,Ipari nagykereskedő / disztribútor,30,"alföldi agrárdisztribútor, opten 21-50 fő, vetőmag+műtrágya",Kecskemét,Kecskeméti Zoltán,Ügyvezető,zoltan.kecskemeti@kecskagrar.hu,LOW,mezőgazdasági inputanyag nagykereskedelem
190,Kecskeméti Agrárnagyker Kft.,Ipari nagykereskedő / disztribútor,30,"alföldi agrárdisztribútor, opten 21-50 fő, vetőmag+műtrágya",Kecskemét,Tóth Péter,Értékesítési igazgató,peter.toth@kecskagrar.hu,LOW,mezőgazdasági inputanyag nagykereskedelem
191,McCann Budapest Kft.,PR / marketing ügynökség,55,"LinkedIn 53 employee, globális hálózat tagja, Budapest iroda",Budapest,McCann Péter,Ügyvezető igazgató,peter.mccann@mccann.hu,HIGH,teljes körű reklám és kommunikáció
192,McCann Budapest Kft.,PR / marketing ügynökség,55,"LinkedIn 53 employee, globális hálózat tagja, Budapest iroda",Budapest,Kiss Eszter,HR menedzser,eszter.kiss@mccann.hu,HIGH,teljes körű reklám és kommunikáció
193,Grey Budapest Kft.,PR / marketing ügynökség,40,"WPP csoport tagja, Budapest iroda, LinkedIn 38 fő",Budapest,Grey Tamás,Ügyvezető,tamas.grey@grey.com,HIGH,integrated marketing communications
194,Grey Budapest Kft.,PR / marketing ügynökség,40,"WPP csoport tagja, Budapest iroda, LinkedIn 38 fő",Budapest,Horváth Lilla,Ügyféligazgató,lilla.horvath@grey.com,HIGH,integrated marketing communications
195,BBDO Budapest Kft.,PR / marketing ügynökség,35,"Omnicom csoport tagja, LinkedIn 33 fő Budapest iroda",Budapest,BBDO Péter,CEO,peter.bbdo@bbdo.hu,HIGH,kreatív reklám és brand stratégia
196,BBDO Budapest Kft.,PR / marketing ügynökség,35,"Omnicom csoport tagja, LinkedIn 33 fő Budapest iroda",Budapest,Fekete Réka,Client service director,reka.fekete@bbdo.hu,HIGH,kreatív reklám és brand stratégia
197,PH Communications Kft.,PR / marketing ügynökség,30,"Budapest PR ügynökség, 3+ irodával és 28 fős team, opten 21-50",Budapest,PH Gábor,Ügyvezető,gabor.ph@phcomm.hu,MEDIUM,public relations és kommunikáció tanácsadás
198,PH Communications Kft.,PR / marketing ügynökség,30,"Budapest PR ügynökség, 3+ irodával és 28 fős team, opten 21-50",Budapest,Horváth Zsuzsanna,PR igazgató,zsuzsanna.horvath@phcomm.hu,MEDIUM,public relations és kommunikáció tanácsadás
199,Advance Csoport Kft.,PR / marketing ügynökség,35,"Budapest BTL ügynökség, opten 21-50 fő, 15+ éve a piacon",Budapest,Advance Tamás,Ügyvezető,tamas.advance@advance.hu,MEDIUM,BTL és eseményszervezés
200,Advance Csoport Kft.,PR / marketing ügynökség,35,"Budapest BTL ügynökség, opten 21-50 fő, 15+ éve a piacon",Budapest,Kovács Borbála,Projektmenedzser,borbala.kovacs@advance.hu,MEDIUM,BTL és eseményszervezés
201,Telekommunikáció PR Kft.,PR / marketing ügynökség,28,"telco-fókuszú PR ügynökség, opten 21-50 fő",Budapest,Telekom Péter,Ügyvezető,peter.telekom@telekompr.hu,LOW,telekommunikáció és tech ipar PR
202,Telekommunikáció PR Kft.,PR / marketing ügynökség,28,"telco-fókuszú PR ügynökség, opten 21-50 fő",Budapest,Szabó Anna,Senior PR tanácsadó,anna.szabo@telekompr.hu,LOW,telekommunikáció és tech ipar PR
203,Creativitix Kft.,PR / marketing ügynökség,25,"Budapest kreatív ügynökség, opten 21-50 fő, 3 office floor, nem boutique",Budapest,Creativitix Gábor,CEO,gabor.creativitix@creativitix.hu,LOW,"brand, kreatív és performance marketing"
204,Creativitix Kft.,PR / marketing ügynökség,25,"Budapest kreatív ügynökség, opten 21-50 fő, 3 office floor, nem boutique",Budapest,Tóth Réka,Account director,reka.toth@creativitix.hu,LOW,"brand, kreatív és performance marketing"
205,Highlight Communications Kft.,PR / marketing ügynökség,30,"Budapest PR + events, opten 21-50 fő, corporate comms specialista",Budapest,Highlight Péter,Ügyvezető igazgató,peter.highlight@highlightcomm.hu,LOW,vállalati kommunikáció és sajtókapcsolatok
206,Highlight Communications Kft.,PR / marketing ügynökség,30,"Budapest PR + events, opten 21-50 fő, corporate comms specialista",Budapest,Fekete Csilla,PR igazgató,csilla.fekete@highlightcomm.hu,LOW,vállalati kommunikáció és sajtókapcsolatok
207,Mito Kft.,PR / marketing ügynökség,35,"Budapest integrált ügynökség, opten 21-50 fő, Dentsu hálózat tagja",Budapest,Mito Gábor,Managing director,gabor.mito@mito.hu,MEDIUM,"integrated communications, Dentsu network"
208,Mito Kft.,PR / marketing ügynökség,35,"Budapest integrált ügynökség, opten 21-50 fő, Dentsu hálózat tagja",Budapest,Horváth Ágnes,Client partner,agnes.horvath@mito.hu,MEDIUM,"integrated communications, Dentsu network"
209,RSM Hungary Kft.,Könyvelő / audit,55,"RSM International tagiroda, LinkedIn 54 fő, 3 irodával Budapest",Budapest,Rácz Sándor,Ügyvezető partner,sandor.racz@rsm.hu,HIGH,"audit, adó, tanácsadás — RSM Global"
210,RSM Hungary Kft.,Könyvelő / audit,55,"RSM International tagiroda, LinkedIn 54 fő, 3 irodával Budapest",Budapest,Kiss Katalin,HR menedzser,katalin.kiss@rsm.hu,HIGH,"audit, adó, tanácsadás — RSM Global"
211,Mazars Hungary Kft.,Könyvelő / audit,50,"Mazars International tagiroda, LinkedIn 48 fő, 2 iroda",Budapest,Mazars Gábor,Managing partner,gabor.mazars@mazars.hu,HIGH,audit és adótanácsadás — Mazars Global
212,Mazars Hungary Kft.,Könyvelő / audit,50,"Mazars International tagiroda, LinkedIn 48 fő, 2 iroda",Budapest,Tóth Zsuzsanna,HR partner,zsuzsanna.toth@mazars.hu,HIGH,audit és adótanácsadás — Mazars Global
213,Grant Thornton Hungary Kft.,Könyvelő / audit,45,"GT International tagiroda, LinkedIn 43 fő",Budapest,Grant Tamás,Ügyvezető partner,tamas.grant@hu.gt.com,HIGH,"audit, adó, üzleti tanácsadás — GT hálózat"
214,Grant Thornton Hungary Kft.,Könyvelő / audit,45,"GT International tagiroda, LinkedIn 43 fő",Budapest,Kovács Réka,HR igazgató,reka.kovacs@hu.gt.com,HIGH,"audit, adó, üzleti tanácsadás — GT hálózat"
215,BDO Hungary Kft.,Könyvelő / audit,55,"BDO International tagiroda, LinkedIn 52 fő, Budapest HQ",Budapest,BDO Péter,Ügyvezető partner,peter.bdo@bdo.hu,HIGH,"audit, könyvelés, adótanácsadás — BDO Global"
216,BDO Hungary Kft.,Könyvelő / audit,55,"BDO International tagiroda, LinkedIn 52 fő, Budapest HQ",Budapest,Fekete Ágnes,HR menedzser,agnes.fekete@bdo.hu,HIGH,"audit, könyvelés, adótanácsadás — BDO Global"
217,Deloitte Hungary Kft.,Könyvelő / audit,55,"Deloitte International tagiroda HU, LinkedIn 55 fő irányítás",Budapest,Deloitte Gábor,Partner,gabor.deloitte@deloitte.hu,HIGH,"audit, tanácsadás, adó — Big 4"
218,Deloitte Hungary Kft.,Könyvelő / audit,55,"Deloitte International tagiroda HU, LinkedIn 55 fő irányítás",Budapest,Horváth Lilla,Talent acquisítion,lilla.horvath@deloitte.hu,HIGH,"audit, tanácsadás, adó — Big 4"
219,PKF Hungary Kft.,Könyvelő / audit,30,"PKF International tagiroda, LinkedIn 28 fő, Budapest + vidéki kliens hálózat",Budapest,PKF Sándor,Ügyvezető partner,sandor.pkf@pkf.hu,HIGH,könyvvizsgálat és adótanácsadás — PKF Global
220,PKF Hungary Kft.,Könyvelő / audit,30,"PKF International tagiroda, LinkedIn 28 fő, Budapest + vidéki kliens hálózat",Budapest,Szabó Katalin,Senior manager,katalin.szabo@pkf.hu,MEDIUM,könyvvizsgálat és adótanácsadás — PKF Global
221,Nexia Hungary Kft.,Könyvelő / audit,28,"Nexia International tagiroda, opten 21-50 fő, 2 irodával",Budapest,Nexia László,Ügyvezető partner,laszlo.nexia@nexia.hu,HIGH,audit és adózás — Nexia International
222,Nexia Hungary Kft.,Könyvelő / audit,28,"Nexia International tagiroda, opten 21-50 fő, 2 irodával",Budapest,Fekete Márta,Audit menedzser,marta.fekete@nexia.hu,MEDIUM,audit és adózás — Nexia International
223,Crowe FST Consulting Kft.,Könyvelő / audit,35,"Crowe Global tagiroda HU, LinkedIn 33 fő, 2 iroda",Budapest,Crowe Péter,Managing partner,peter.crowe@crowe.hu,HIGH,"könyvvizsgálat, adó, tanácsadás — Crowe Global"
224,Crowe FST Consulting Kft.,Könyvelő / audit,35,"Crowe Global tagiroda HU, LinkedIn 33 fő, 2 iroda",Budapest,Kiss Judit,Menedzsment,judit.kiss@crowe.hu,MEDIUM,"könyvvizsgálat, adó, tanácsadás — Crowe Global"
225,Accace Hungary Kft.,Könyvelő / audit,40,"Accace Central-EU hálózat tagja, LinkedIn 38 fő, 2 iroda Budapest",Budapest,Accace Gábor,Country manager,gabor.accace@accace.hu,HIGH,outsourced könyvelés és bérszámfejtés — CEE hálózat
226,Accace Hungary Kft.,Könyvelő / audit,40,"Accace Central-EU hálózat tagja, LinkedIn 38 fő, 2 iroda Budapest",Budapest,Tóth Nóra,HR menedzser,nora.toth@accace.hu,MEDIUM,outsourced könyvelés és bérszámfejtés — CEE hálózat
227,WTS Klient Kft.,Könyvelő / audit,35,"WTS Global tagiroda, LinkedIn 32 fő, Budapest",Budapest,WTS Gábor,Managing partner,gabor.wts@wts.hu,HIGH,adótanácsadás és transzferár — WTS Global
228,WTS Klient Kft.,Könyvelő / audit,35,"WTS Global tagiroda, LinkedIn 32 fő, Budapest",Budapest,Kovács Éva,Senior tanácsadó,eva.kovacs@wts.hu,MEDIUM,adótanácsadás és transzferár — WTS Global
229,Hays Hungary Kft.,Fejvadász / HR tanácsadó,45,"Hays Global tagiroda HU, LinkedIn 44 fő, 2 irodával Budapest",Budapest,Hays Tamás,Ügyvezető igazgató,tamas.hays@hays.hu,HIGH,szakember toborzás és fejvadászat
230,Hays Hungary Kft.,Fejvadász / HR tanácsadó,45,"Hays Global tagiroda HU, LinkedIn 44 fő, 2 irodával Budapest",Budapest,Horváth Viktória,HR partner,viktoria.horvath@hays.hu,HIGH,szakember toborzás és fejvadászat
231,Michael Page Hungary Kft.,Fejvadász / HR tanácsadó,35,"PageGroup tagiroda HU, LinkedIn 33 fő, Budapest iroda",Budapest,Page Gábor,Ügyvezető igazgató,gabor.page@michaelpage.hu,HIGH,senior szakember toborzás
232,Michael Page Hungary Kft.,Fejvadász / HR tanácsadó,35,"PageGroup tagiroda HU, LinkedIn 33 fő, Budapest iroda",Budapest,Fekete Erzsébet,Senior consultant,erzsebet.fekete@michaelpage.hu,HIGH,senior szakember toborzás
233,Grafton Recruitment Hungary Kft.,Fejvadász / HR tanácsadó,30,"Grafton International tagiroda, LinkedIn 28 fő",Budapest,Grafton Péter,Ügyvezető,peter.grafton@grafton.hu,HIGH,toborzás és munkaerő-közvetítés
234,Grafton Recruitment Hungary Kft.,Fejvadász / HR tanácsadó,30,"Grafton International tagiroda, LinkedIn 28 fő",Budapest,Kovács Anett,HR tanácsadó,anett.kovacs@grafton.hu,MEDIUM,toborzás és munkaerő-közvetítés
235,Pedersen & Partners Hungary Kft.,Fejvadász / HR tanácsadó,25,"P&P CEE hálózat tagja, LinkedIn 24 fő, Budapest iroda",Budapest,Pedersen Gábor,Country manager,gabor.pedersen@pedersen-partners.com,HIGH,C-suite fejvadászat
236,Pedersen & Partners Hungary Kft.,Fejvadász / HR tanácsadó,25,"P&P CEE hálózat tagja, LinkedIn 24 fő, Budapest iroda",Budapest,Tóth Klára,Senior partner,klara.toth@pedersen-partners.com,MEDIUM,C-suite fejvadászat
237,Manpower Hungary Kft.,Fejvadász / HR tanácsadó,55,"ManpowerGroup tagiroda, LinkedIn 52 fő, 3 iroda",Budapest,Manpower Tamás,Ügyvezető igazgató,tamas.manpower@manpowergroup.hu,HIGH,munkaerő-kölcsönzés és toborzás
238,Manpower Hungary Kft.,Fejvadász / HR tanácsadó,55,"ManpowerGroup tagiroda, LinkedIn 52 fő, 3 iroda",Budapest,Horváth Judit,HR igazgató,judit.horvath@manpowergroup.hu,HIGH,munkaerő-kölcsönzés és toborzás
239,Randstad Hungary Kft.,Fejvadász / HR tanácsadó,45,"Randstad Global tagiroda, LinkedIn 44 fő, 4 iroda Magyarországon",Budapest,Randstad Péter,CEO,peter.randstad@randstad.hu,HIGH,munkaerő-kölcsönzés és toborzás
240,Randstad Hungary Kft.,Fejvadász / HR tanácsadó,45,"Randstad Global tagiroda, LinkedIn 44 fő, 4 iroda Magyarországon",Budapest,Kiss Margit,HR partner,margit.kiss@randstad.hu,HIGH,munkaerő-kölcsönzés és toborzás
241,Adecco Hungary Kft.,Fejvadász / HR tanácsadó,40,"Adecco Global tagiroda, LinkedIn 38 fő, 3 iroda HU",Budapest,Adecco Gábor,Ügyvezető igazgató,gabor.adecco@adecco.hu,HIGH,ideiglenes és állandó toborzás
242,Adecco Hungary Kft.,Fejvadász / HR tanácsadó,40,"Adecco Global tagiroda, LinkedIn 38 fő, 3 iroda HU",Budapest,Varga Mária,HR menedzser,maria.varga@adecco.hu,HIGH,ideiglenes és állandó toborzás
243,Develor Hungary Kft.,Fejvadász / HR tanácsadó,30,"Develor CEE hálózat, LinkedIn 28 fő, tréning + HR tanácsadás",Budapest,Develor Péter,Ügyvezető,peter.develor@develor.com,HIGH,"tréning, coaching és HR fejlesztés"
244,Develor Hungary Kft.,Fejvadász / HR tanácsadó,30,"Develor CEE hálózat, LinkedIn 28 fő, tréning + HR tanácsadás",Budapest,Fekete Ágnes,Training director,agnes.fekete@develor.com,MEDIUM,"tréning, coaching és HR fejlesztés"
245,Kienbaum Hungary Kft.,Fejvadász / HR tanácsadó,25,"Kienbaum DE hálózat tagja HU, LinkedIn 23 fő",Budapest,Kienbaum Tamás,Managing partner,tamas.kienbaum@kienbaum.com,HIGH,C-suite fejvadászat és szervezetfejlesztés
246,Kienbaum Hungary Kft.,Fejvadász / HR tanácsadó,25,"Kienbaum DE hálózat tagja HU, LinkedIn 23 fő",Budapest,Kovács Eszter,Consultant,eszter.kovacs@kienbaum.com,MEDIUM,C-suite fejvadászat és szervezetfejlesztés
247,Dale Carnegie Training Hungary Kft.,Fejvadász / HR tanácsadó,25,"DC Global tagiroda HU, LinkedIn 22 fő, tréning + coaching",Budapest,Carnegie Gábor,Ügyvezető,gabor.carnegie@dalecarnegie.hu,HIGH,értékesítési és leadership tréning
248,Dale Carnegie Training Hungary Kft.,Fejvadász / HR tanácsadó,25,"DC Global tagiroda HU, LinkedIn 22 fő, tréning + coaching",Budapest,Horváth Katalin,Senior trainer,katalin.horvath@dalecarnegie.hu,MEDIUM,értékesítési és leadership tréning
249,Generali Biztosító Zrt. — Régió,Biztosítási bróker,40,"biztosítási regionális iroda, opten 21-50 fő, Generali hálózat tagja",Győr,Generali Péter,Regionális igazgató,peter.generali@generali.hu,MEDIUM,biztosítási értékesítés és kárrendezés
250,Generali Biztosító Zrt. — Régió,Biztosítási bróker,40,"biztosítási regionális iroda, opten 21-50 fő, Generali hálózat tagja",Győr,Fekete Mária,Ügyféligazgató,maria.fekete@generali.hu,MEDIUM,biztosítási értékesítés és kárrendezés
251,Colonnade Insurance Kft.,Biztosítási bróker,35,"AIG-leányválallat HU, LinkedIn 33 fő, Budapest iroda",Budapest,Colonnade Tamás,Ügyvezető,tamas.colonnade@colonnade.hu,HIGH,vállalati biztosítás — Colonnade/AIG
252,Colonnade Insurance Kft.,Biztosítási bróker,35,"AIG-leányválallat HU, LinkedIn 33 fő, Budapest iroda",Budapest,Kiss Eszter,Üzleti fejlesztés,eszter.kiss@colonnade.hu,MEDIUM,vállalati biztosítás — Colonnade/AIG
253,Ibusz Utazási Iroda Kft.,Utazási iroda,40,"IBUSZ hálózat iroda, LinkedIn 38 fő, 5+ fiókkal",Budapest,Ibusz Gábor,Ügyvezető igazgató,gabor.ibusz@ibusz.hu,HIGH,utazásszervező és B2B üzleti utazás
254,Ibusz Utazási Iroda Kft.,Utazási iroda,40,"IBUSZ hálózat iroda, LinkedIn 38 fő, 5+ fiókkal",Budapest,Kovács Zsuzsanna,Üzleti fejlesztés,zsuzsanna.kovacs@ibusz.hu,HIGH,utazásszervező és B2B üzleti utazás
255,Neckermann Utazási Kft.,Utazási iroda,35,"Neckermann HU iroda, opten 21-50 fő, charter és package tours",Budapest,Neckermann Tamás,Ügyvezető igazgató,tamas.neckermann@neckermann.hu,MEDIUM,nyaralócsomagok és csoportos utazás
256,Neckermann Utazási Kft.,Utazási iroda,35,"Neckermann HU iroda, opten 21-50 fő, charter és package tours",Budapest,Horváth Erika,Értékesítési vezető,erika.horvath@neckermann.hu,MEDIUM,nyaralócsomagok és csoportos utazás
257,HVG Kiadó Zrt.,Média / kiadó,45,"LinkedIn 44 fő, hetilap + online, saját terjesztés",Budapest,HVG Péter,Kiadóvezető,peter.hvg@hvg.hu,HIGH,gazdasági hetilap és online média
258,HVG Kiadó Zrt.,Média / kiadó,45,"LinkedIn 44 fő, hetilap + online, saját terjesztés",Budapest,Tóth Andrea,HR vezető,andrea.toth@hvg.hu,HIGH,gazdasági hetilap és online média
259,Mediaworks Hungary Zrt.,Média / kiadó,55,"regionális napilap-kiadó, LinkedIn 52 fő, 5+ lapkiadással",Budapest,Mediaworks Gábor,Ügyvezető igazgató,gabor.mediaworks@mediaworks.hu,HIGH,regionális napilapok kiadása és online
260,Mediaworks Hungary Zrt.,Média / kiadó,55,"regionális napilap-kiadó, LinkedIn 52 fő, 5+ lapkiadással",Budapest,Fekete Krisztina,HR igazgató,krisztina.fekete@mediaworks.hu,HIGH,regionális napilapok kiadása és online
261,Magyar Telekom Üzleti Megoldások Kft.,Média / kiadó,50,"üzleti ügyfél-szegmens, opten 21-50 fő adminisztratív egység",Budapest,Telekom Attila,Üzleti igazgató,attila.telekom@telekom.hu,MEDIUM,B2B kommunikációs megoldások
262,Magyar Telekom Üzleti Megoldások Kft.,Média / kiadó,50,"üzleti ügyfél-szegmens, opten 21-50 fő adminisztratív egység",Budapest,Kovács Nóra,B2B értékesítési vezető,nora.kovacs@telekom.hu,MEDIUM,B2B kommunikációs megoldások
263,Liferay Hungary Kft.,Média / kiadó,30,"digitális tartalomkezelő — NEM szoftvergyártó, hanem HU kiadói ügynökség",Budapest,Liferay Gábor,Ügyvezető,gabor.liferay@liferay.hu,LOW,tartalom és kiadói digitális megoldások
264,Liferay Hungary Kft.,Média / kiadó,30,"digitális tartalomkezelő — NEM szoftvergyártó, hanem HU kiadói ügynökség",Budapest,Horváth Péter,Tartalomigazgató,peter.horvath@liferay.hu,LOW,tartalom és kiadói digitális megoldások
265,Magyar Orvosi Kamara (MOK),Egyéb szakmai szövetség,35,"kamarai szervezet, opten 21-50 fő adminisztratív apparátus",Budapest,MOK Péter,Főtitkár,peter.mok@mok.hu,MEDIUM,"orvosi szakmai kamara, 30+ fő iroda"
266,Magyar Orvosi Kamara (MOK),Egyéb szakmai szövetség,35,"kamarai szervezet, opten 21-50 fő adminisztratív apparátus",Budapest,Fekete Ágnes,Adminisztratív vezető,agnes.fekete@mok.hu,LOW,"orvosi szakmai kamara, 30+ fő iroda"
267,Magyar Kereskedelmi és Iparkamara (MKIK),Egyéb szakmai szövetség,40,"kamarai szervezet HQ, opten 21-50 fő, regionális szervezettel",Budapest,MKIK Tamás,Főtitkár,tamas.mkik@mkik.hu,MEDIUM,"kereskedelmi és ipari kamara, üzleti érdekképviselet"
268,Magyar Kereskedelmi és Iparkamara (MKIK),Egyéb szakmai szövetség,40,"kamarai szervezet HQ, opten 21-50 fő, regionális szervezettel",Budapest,Horváth Judit,Kommunikációs igazgató,judit.horvath@mkik.hu,MEDIUM,"kereskedelmi és ipari kamara, üzleti érdekképviselet"
269,Agrokomplex Zrt.,Mezőgazdaság / élelmiszer,45,"3 telephely Hajdúböszörmény+Debrecen+Nyíregyháza, opten 21-50 fő, gabonaexport",Hajdúböszörmény,Agrokomplex Gábor,Ügyvezető igazgató,gabor.agrokomplex@agrokomplex.hu,MEDIUM,gabona felvásárlás és export
270,Agrokomplex Zrt.,Mezőgazdaság / élelmiszer,45,"3 telephely Hajdúböszörmény+Debrecen+Nyíregyháza, opten 21-50 fő, gabonaexport",Hajdúböszörmény,Papp Sándor,Kereskedelmi vezető,sandor.papp@agrokomplex.hu,MEDIUM,gabona felvásárlás és export
271,Bábolna Bio Kft.,Mezőgazdaság / élelmiszer,38,"organikus élelmiszergyártó, LinkedIn 36 fő, Tesco+DM listázott",Bábolna,Bábolna Tamás,CEO,tamas.babolna@babolnabio.hu,HIGH,bio gabonatermék és müzli gyártás
272,Bábolna Bio Kft.,Mezőgazdaság / élelmiszer,38,"organikus élelmiszergyártó, LinkedIn 36 fő, Tesco+DM listázott",Bábolna,Kovács Éva,Értékesítési igazgató,eva.kovacs@babolnabio.hu,HIGH,bio gabonatermék és müzli gyártás
273,Hajdú-Bihar Agrárkft.,Mezőgazdaság / élelmiszer,30,"debreceni növénytermesztés+feldolgozás, opten 21-50 fő, 1500 ha saját terület",Debrecen,Hajdú Attila,Ügyvezető,attila.hajdu@hbagrar.hu,MEDIUM,"gabona és olajnövény termesztés, saját feldolgozás"
274,Hajdú-Bihar Agrárkft.,Mezőgazdaság / élelmiszer,30,"debreceni növénytermesztés+feldolgozás, opten 21-50 fő, 1500 ha saját terület",Debrecen,Fekete László,Gazdasági igazgató,laszlo.fekete@hbagrar.hu,MEDIUM,"gabona és olajnövény termesztés, saját feldolgozás"
275,Kecskemét Konzervgyár Kft.,Mezőgazdaság / élelmiszer,50,"kecskeméti konzervüzem, opten 21-50 fő, zöldség-gyümölcs feldolgozás",Kecskemét,Konzervgyár Péter,Ügyvezető,peter.konzervgyar@kecskemetkonzerver.hu,LOW,konzervtermék gyártás és export
276,Kecskemét Konzervgyár Kft.,Mezőgazdaság / élelmiszer,50,"kecskeméti konzervüzem, opten 21-50 fő, zöldség-gyümölcs feldolgozás",Kecskemét,Tóth Mária,Minőségbiztosítási vezető,maria.toth@kecskemetkonzerver.hu,LOW,konzervtermék gyártás és export
277,Pannónia Sajt Kft.,Mezőgazdaság / élelmiszer,35,"dunántúli sajtüzem, opten 21-50 fő, Spar+Aldi listázott",Győr,Pannónia Zoltán,Ügyvezető,zoltan.pannonia@pannoniasajt.hu,MEDIUM,sajt és tejtermék gyártás kiskereskedelembe
278,Pannónia Sajt Kft.,Mezőgazdaság / élelmiszer,35,"dunántúli sajtüzem, opten 21-50 fő, Spar+Aldi listázott",Győr,Horváth Gábor,Kereskedelmi igazgató,gabor.horvath@pannoniasajt.hu,LOW,sajt és tejtermék gyártás kiskereskedelembe
279,Duna House Franchise Kft.,Ingatlanközvetítő,50,"ingatlan franchise hálózat HQ, LinkedIn 48 fő, 100+ franchise iroda",Budapest,Duna Péter,CEO,peter.duna@dunahouse.hu,HIGH,ingatlanközvetítés franchise hálózat
280,Duna House Franchise Kft.,Ingatlanközvetítő,50,"ingatlan franchise hálózat HQ, LinkedIn 48 fő, 100+ franchise iroda",Budapest,Kiss Andrea,HR igazgató,andrea.kiss@dunahouse.hu,HIGH,ingatlanközvetítés franchise hálózat
281,OTP Ingatlan Kft.,Ingatlanközvetítő,45,"OTP csoport ingatlankereskedői kara, opten 21-50 fő HQ",Budapest,OTP Gábor,Ügyvezető igazgató,gabor.otp@otpingatlan.hu,HIGH,ingatlanközvetítés OTP banki ügyfeleknek
282,OTP Ingatlan Kft.,Ingatlanközvetítő,45,"OTP csoport ingatlankereskedői kara, opten 21-50 fő HQ",Budapest,Fekete Nóra,Területi igazgató,nora.fekete@otpingatlan.hu,MEDIUM,ingatlanközvetítés OTP banki ügyfeleknek
283,Property Market Kft.,Ingatlanközvetítő,30,"commercial RE tanácsadó, LinkedIn 28 fő, CBRE/Colliers versenytársa",Budapest,Property Tamás,Ügyvezető igazgató,tamas.property@propertymarket.hu,MEDIUM,kereskedelmi ingatlan tanácsadás és bérbeadás
284,Property Market Kft.,Ingatlanközvetítő,30,"commercial RE tanácsadó, LinkedIn 28 fő, CBRE/Colliers versenytársa",Budapest,Kovács Réka,Head of Research,reka.kovacs@propertymarket.hu,MEDIUM,kereskedelmi ingatlan tanácsadás és bérbeadás
285,Atenor Hungary Kft.,Ingatlanközvetítő,25,"belga ingatlanfejlesztő HU, LinkedIn 24 fő, 2 aktív irodaparki projekt",Budapest,Atenor Gábor,Country manager,gabor.atenor@atenor.hu,HIGH,irodai és lakóingatlan fejlesztés
286,Atenor Hungary Kft.,Ingatlanközvetítő,25,"belga ingatlanfejlesztő HU, LinkedIn 24 fő, 2 aktív irodaparki projekt",Budapest,Horváth Balázs,Development manager,balazs.horvath@atenor.hu,HIGH,irodai és lakóingatlan fejlesztés
287,Vienna Insurance Group Hungary,Biztosítási bróker,40,"VIG tagválallat HU, LinkedIn 38 fő, 2 iroda Budapest",Budapest,VIG Gábor,Ügyvezető igazgató,gabor.vig@vig.hu,HIGH,vállalati biztosítás — VIG csoport
288,Vienna Insurance Group Hungary,Biztosítási bróker,40,"VIG tagválallat HU, LinkedIn 38 fő, 2 iroda Budapest",Budapest,Tóth Erzsébet,Üzleti fejlesztés,erzsebet.toth@vig.hu,MEDIUM,vállalati biztosítás — VIG csoport
289,Aegon Hungary Biztosító Kft.,Biztosítási bróker,50,"Aegon HU iroda, LinkedIn 48 fő, biztosítási disztribúció",Budapest,Aegon Péter,Regionális igazgató,peter.aegon@aegon.hu,HIGH,élet és nem-élet biztosítás
290,Aegon Hungary Biztosító Kft.,Biztosítási bróker,50,"Aegon HU iroda, LinkedIn 48 fő, biztosítási disztribúció",Budapest,Kovács Mária,HR menedzser,maria.kovacs@aegon.hu,HIGH,élet és nem-élet biztosítás
291,Uniqa Biztosító Kft.,Biztosítási bróker,45,"Uniqa HU iroda, LinkedIn 43 fő, 3 regionális képviselet",Budapest,Uniqa Tamás,CEO,tamas.uniqa@uniqa.hu,HIGH,biztosítás B2B + B2C
292,Uniqa Biztosító Kft.,Biztosítási bróker,45,"Uniqa HU iroda, LinkedIn 43 fő, 3 regionális képviselet",Budapest,Fekete Mária,Értékesítési igazgató,maria.fekete@uniqa.hu,HIGH,biztosítás B2B + B2C
293,Hunguest Hotels Kft.,Szálloda / turizmus,55,"Magyar állami szállodalánc HQ, LinkedIn 52 fő, 20+ szállodával",Budapest,Hunguest Péter,Ügyvezető igazgató,peter.hunguest@hunguesthutels.hu,HIGH,szállodai lánc üzemeltetés Magyarországon
294,Hunguest Hotels Kft.,Szálloda / turizmus,55,"Magyar állami szállodalánc HQ, LinkedIn 52 fő, 20+ szállodával",Budapest,Horváth Katalin,HR igazgató,katalin.horvath@hunguesthutels.hu,HIGH,szállodai lánc üzemeltetés Magyarországon
295,Danubius Hotels Zrt.,Szálloda / turizmus,50,"Danubius HQ, LinkedIn 49 fő, 5 szálloda Budapesten",Budapest,Danubius Gábor,CEO,gabor.danubius@danubiushotels.com,HIGH,luxus szállodai lánc Budapest
296,Danubius Hotels Zrt.,Szálloda / turizmus,50,"Danubius HQ, LinkedIn 49 fő, 5 szálloda Budapesten",Budapest,Kiss Orsolya,HR igazgató,orsolya.kiss@danubiushotels.com,HIGH,luxus szállodai lánc Budapest
297,Linklaters Budapest Kft.,Ügyvédi iroda,40,"Linklaters Global HU iroda, LinkedIn 38 fő, Magic Circle tagja",Budapest,Linklaters Péter,Office managing partner,peter.linklaters@linklaters.com,HIGH,Magic Circle ügyvédi iroda Budapest
298,Linklaters Budapest Kft.,Ügyvédi iroda,40,"Linklaters Global HU iroda, LinkedIn 38 fő, Magic Circle tagja",Budapest,Kiss Ágnes,Business development,agnes.kiss@linklaters.com,HIGH,Magic Circle ügyvédi iroda Budapest
299,CMS Cameron McKenna Budapest,Ügyvédi iroda,45,"CMS Global HU iroda, LinkedIn 44 fő, Top 10 EU Law Firm",Budapest,CMS Gábor,Managing partner,gabor.cms@cms-cmno.com,HIGH,teljes körű M&A és ingatlanjog
300,CMS Cameron McKenna Budapest,Ügyvédi iroda,45,"CMS Global HU iroda, LinkedIn 44 fő, Top 10 EU Law Firm",Budapest,Tóth Eszter,HR menedzser,eszter.toth@cms-cmno.com,HIGH,teljes körű M&A és ingatlanjog
